item_name,item_category,claimed_amount,quantity,total_amount,change,tax_amount
Nasi Campur Bali,food,75000,1,75000,,
Bbk Bengil Nasi,food,125000,1,125000,,
MilkShake Starwb,food,37000,1,37000,,
Ice Lemon Tea,food,24000,1,24000,,
Nasi Ayam Dewata,food,70000,1,70000,,
Organic Green Sa,food,65000,1,65000,,
Ice Tea,food,18000,1,18000,,
Ice Orange,food,29000,1,29000,,
Ayam Suir Bali,food,85000,1,85000,,
Tahu Goreng,food,18000,2,36000,,
Tempe Goreng,food,18000,2,36000,,
Nasi Goreng Samb,food,70000,1,70000,,
Bbk Panggang Sam,food,122000,3,366000,,
Ayam Sambal Hija,food,92000,1,92000,,
Hot Tea,food,22000,2,44000,,
Ice Kopi,food,32000,1,32000,,
Tahu Telor Asin,food,40000,1,40000,,
Bebek Street,food,44000,1,44000,,
Ice Tea Tawar,food,18000,1,18000,,
SPGTHY BOLOGNASE,food,58000,1,58000,,
PEPPER AUS,food,165000,1,165000,,
WAGYU RIBEYE,food,195000,1,195000,,
ICED LEMON TEA,food,22000,1,22000,,
FUSION TEA LYCHE,food,28000,1,28000,,
NUTTELA BROWNIES,food,35000,1,35000,,
HAKAU UDANG,food,23000,4,92000,-16000,
SIAO MAI BABI,food,20000,4,80000,-16000,
CEKER AYAM,food,20000,3,60000,-16000,
BAKPAO BKR C CRISPY,food,21000,2,42000,-16000,
TAHU GORENG CRISPY,food,20000,3,60000,-16000,
Bintang Bremer,food,59000,1,59000,,
Chicken H-H,food,190000,1,190000,,
Ades,food,10000,1,10000,,
BASO TAHU,food,43181,1,43181,201,
ES JERUK,food,13000,1,13000,201,
PKT AYAM,food,33000,1,33000,13700,
Nila Bakar/Goreng,food,27500,1,27500,,
NASI + AYAM KATSU TER...,food,31819,1,31819,,
TEH PANAS,food,5455,1,5455,,
ES TEH MANIS,food,7273,1,7273,,
CH CORDON BLEU NASI,food,42728,1,42728,,
BLACK PEPPER MEATBALL,food,76500,1,76500,,
GREEN TEA WITH CRUMBLE,food,56000,1,56000,,
EARL GREY MILK TEA,food,57000,1,57000,,
ORIGINAL BREWED TEA,food,23000,1,23000,,
BLACK PEPPER MEATBALL,food,76500,1,76500,,
QUARTO FORMANGGI PASTA,food,82500,1,82500,,
GREEN TEA WITH CRUMBLE,food,56000,1,56000,,
ORIGINAL BREWED TEA,food,23000,2,46000,,
#NAME?,food,30000,1,30000,,
RB. COKLAT BAR,food,8000,1,8000,25500,
RB. CREPES TUNA,food,9000,1,9000,25500,
RB. SISIR PANDAN,food,7500,1,7500,25500,
KING DEAL FISH,food,25000,1,25000,72500,
UDANG RE,food,216000,2,432000,,
AYM GR JUN NJAN,food,108000,1,108000,,
SAPO TH SEAFOOD,food,172000,1,172000,,
POCAI 3,food,111000,2,222000,,
GURAME FILLET M ASAM MANIS,food,163000,1,163000,,
BIHUN GORENG JJ,food,116000,1,116000,,
ICED TEA,food,12000,5,60000,,
NASI PUTIH,food,10000,7,70000,,
BUBUR UNGU,food,26000,1,26000,,
WAJIK,food,7000,1,7000,,
CENTIK MANIS,food,5500,1,5500,,
S-Lemon Macchiato,food,21000,1,21000,0,
CRISPY CHOCO,food,14000,1,14000,6000,
A.MINERAL BOTOL,food,8000,1,8000,1200,
VANDOOLEN,food,8182,1,8182,91000,
"Chicken HCC, 1Pcs",food,15000,1,15000,8500,
Colonel Burger,food,13636,1,13636,8500,
Ketoprak,food,36000,1,36000,,
AREM - AREM,food,8000,1,8000,9800,
LEMPER,food,9000,1,9000,9800,
Cuka Apel Moringa,food,289000,1,289000,11000,
GONG GIBAB,food,20000,1,20000,,
BO SSAM,food,320000,1,320000,,
HAEMUL DENJANG JJIGAE,food,85000,1,85000,,
MULNAENGMYO N,food,85000,1,85000,,
MINI CHOCO,food,13500,1,13500,500,
H COUPLE SEA,food,70000,1,70000,,
BURGER CHIC DECKER,food,68000,1,68000,,
Home Made Lemonade,food,40000,1,40000,,
KOREAN CURRY M,food,40909,1,40909,0,
ALMOND CHOCO CREAMCHEESE,food,28000,1,28000,0,
Nutella Cheese,food,27272,1,27272,,
Toblerone BanCheese,food,28182,1,28182,,
CHOCO PUFF,food,29091,1,29091,,
CREAMY BEEF CLS FTC,food,42727,1,42727,,
NEW ORIENTAL CHK RICE,food,34545,1,34545,,
LIPTON PITCHER,food,54545,1,54545,,
SC/P SUPER SUPREME,food,47273,1,47273,,
CB/P BLACK PEPP BEEF,food,48182,1,48182,,
ICED TT,food,20000,1,20000,30000,
Sweet Plum Potato,food,29000,1,29000,,
CHO MOUSSE,food,20000,1,20000,17000,
GRAPE JELLY,food,13000,1,13000,17000,
RTD Kunyit,food,15000,1,15000,0,
Tepung Jagung,food,15000,1,15000,0,
KFC Winger HC,food,20000,1,20000,1000,
Rice,food,6364,1,6364,1000,
THAI ICED TEA (L),food,16363,1,16363,,
PL. MUFFIN BLUEBERRY,food,14000,1,14000,,
RB. ABON AYAM,food,9000,1,9000,,
RB. COKLAT COFFEE,food,8000,1,8000,,
RB. RED BEAN,food,8000,1,8000,,
CHICKEN KATSU,food,12727,1,12727,,
TORI NASU HASAMI AGE,food,10000,1,10000,,
PIS COK KEJU,food,11500,1,11500,26400,
COKLAT KEJU,food,11000,1,11000,26400,
BANANA KISMIS,food,8000,1,8000,26400,
BOTOL(MOMOGI BOTOL KACA ASI),food,44000,1,44000,,
SPECTRA BREAST DISPOSABLE PADS (IRIS) / BP-0001 (BREASTPADS),food,58000,1,58000,,
MUSTELA BABY OIL 100ML,food,160000,1,160000,,
NASI PUTIH,food,9000,6,54000,,
SATE PADANG,food,35000,1,35000,,
GULAI CUMI,food,25000,1,25000,,
DENDENG BALADO,food,20000,4,80000,,
KERUPUK KULIT,food,6000,3,18000,,
RENDANG DAGING,food,20000,1,20000,,
GULAI HATI,food,20000,1,20000,,
MUJAIR BAKAR,food,23000,1,23000,,
GULAI OTAK,food,20000,1,20000,,
AYAM BAKAR,food,20000,1,20000,,
SAMBAL TRI BELAH,food,18000,1,18000,,
LALAP SEGAR,food,8000,3,24000,,
AYAM PENYET,food,21000,1,21000,,
AYAM GORENG,food,20000,2,40000,,
AYAM POP,food,21000,2,42000,,
GULAI TUNJANG,food,20000,2,40000,,
TEH,food,5000,6,30000,,
TERONG BELANDA,food,20000,1,20000,,
TEH TELUR,food,25000,1,25000,,
PUDING,food,8000,2,16000,,
SAUSAGE DONUT,food,14000,1,14000,0,
CHOCO DONUT PRETZEL,food,9000,1,9000,0,
CAPTAIN HOOK,food,75000,1,75000,,
PIRATES TREASURE,food,75000,1,75000,,
GREEN TEA LATTE (L),food,16363,1,16363,,
APPLE CREAMCHEESE PASTRY,food,13000,2,26000,74000,
TAKOYAKI 12PCS,food,30000,1,30000,7000,
KP BRANDING L,food,1,1,1,1900,
M/POKO STD XXL5,food,17100,1,17100,1900,
FOOT 6,food,11200,2,22400,1900,
CIPAIN PATCH 4S,food,26200,3,78600,1900,
ALMOND CREAM CHEESE,food,28000,2,56000,44000,
Silky Green Tea,food,12500,1,12500,0,
THAI ICED TEA (L),food,16363,1,16363,,
REDBEAN BREAD,food,9000,4,36000,0,
DEPT02,food,24000,1,24000,26000,
KUE PILUS ASIN,food,210,80,16800,0,
KACANG MEDAN,food,302,95,28690,0,
ALMOND CHOCO CREAM CHEESE,food,28000,1,28000,22000,
CHOCO CUSTARD PASTRY,food,12000,1,12000,6000,
CARAMEL PASTRY,food,12000,1,12000,6000,
ORIGINAL,food,12000,1,12000,,
APPLE CINN,food,13000,1,13000,,
NUMER CANDLE NO.1,food,10000,1,10000,15000,
NUMER CANDLE NO.2,food,10000,1,10000,15000,
GANACHE MOUSSE PIECE,food,32500,2,65000,15000,
ORIGINAL NO SALT,food,12000,1,12000,40000,
ORIGINAL NO SALT,food,12000,1,12000,40000,
WALL'S FEAST CKLT.65,food,5400,1,5400,,
CMPN TROPICANA.CHO75,food,5500,1,5500,,
MAGNUM WHT ALMND 80,food,15000,1,15000,,
S-Ovaltine Macchiat,food,22000,1,22000,60000,
S-Hazelnut Milk Tea,food,23000,1,23000,60000,
SAM DA SOO MINERAL WATER,food,16000,2,32000,10000,
Nutella Cheese,food,27272,1,27272,20001,
IKAN GURAME MED SOP IKAN,food,158000,1,158000,,
CUMI GR JUNJAN =*MEDIUM*=,food,129000,1,129000,,
CUMI GR TEPUNG =*MEDIUM*=,food,129000,1,129000,,
AGSIO TH PC JMR =*MEDIUM*=,food,147000,1,147000,,
POCAI BWG PUTIH =*MEDIUM*=,food,90000,1,90000,,
LUMPIA UDG PREM =*MEDIUM*=,food,144000,1,144000,,
NASI PUTIH,food,10000,6,60000,,
HOT TEA,food,12000,3,36000,,
AQUA,food,11000,1,11000,,
ICED TEA,food,12000,2,24000,,
ICED TEA,food,12000,1,12000,,
Gado-Gado,food,29090,1,29090,68000,
Toblerone BanCheese,food,28182,1,28182,51999,
Roast Beef Crepes,food,15455,1,15455,51999,
Cheezemania,food,9500,1,9500,30000,
Mamamia,food,12500,1,12500,30000,
M-Ice Cream Milk Te,food,30000,1,30000,0,
Nutella Cheese,food,27272,1,27272,20001,
OCHA,food,8000,1,8000,,
CHIC NAMBAN BENTO,food,58000,1,58000,,
Fish Ball,food,10000,1,10000,0,
Fried Siomay,food,10000,1,10000,0,
ICED CM,food,22000,1,22000,,
Puyo 6 (Package),food,70000,1,70000,0,
Kupon 9,food,8182,1,8182,,
Kupon 1,food,20000,1,20000,,
LARGE ICED LEMON TEA,food,12273,1,12273,,
Nutella Cheese,food,27272,1,27272,,
RTD Relaxing  Drink,food,15000,1,15000,0,
RTD Rosella Aloevera,food,15000,1,15000,0,
RTD Madu Aloevera,food,15000,1,15000,0,
RTD Lemongrass Aloe,food,15000,1,15000,0,
CINNAMON SUGAR,food,17000,1,17000,5000,
SAM DA S00 MINERAL WATER,food,16000,1,16000,16000,
TWIST DONUT,food,9000,2,18000,16000,
1001-Choco Bun,food,22000,1,22000,,
Common Law,food,9900,1,9900,75500,
Tigger Roll,food,14900,1,14900,75500,
Ketoprak SPC,food,29090,1,29090,18000,
UDG GR TLUR ASIN,food,165000,1,165000,,
SAPO TH SEAFOOD,food,129000,1,129000,,
CUMI GR JUNJAN,food,129000,1,129000,,
BIHUN GORENG JJ,food,87000,1,87000,,
OYONG 3 TELOR,food,84000,1,84000,,
GURAME FILLET M,food,163000,1,163000,,
CHINESE TE,food,14000,2,28000,,
NASI PUTIH,food,10000,8,80000,,
HOT TEA,food,12000,3,36000,,
ICED TEA,food,12000,3,36000,,
TRIPPLE CHEESE,food,17000,1,17000,1000,
TT,food,20000,1,20000,0,
CHEEZY DOG BITES,food,33000,1,33000,67000,
EGG TART,food,13000,1,13000,0,
TWIST STRAWBERRY DONUT,food,10000,1,10000,7000,
TLJ CROQUETTE,food,17000,1,17000,7000,
POTATO PEPPER BAGEL,food,16000,1,16000,7000,
IKAN GABUS FRESH,food,26004,1,26004,4200,
IKAN BUMBU KUNING,food,22330,1,22330,4200,
OCTOPUS SATAY,food,7500,1,7500,4200,
SATE PADANG,food,60000,1,60000,34000,
BACON SHIMEJI SPAGHE,food,48000,1,48000,,
CHICKEN KATSUDON,food,48000,1,48000,,
WELL TORI KARAAGE MU,food,58000,1,58000,,
WELL CHICKEN KATSU C,food,58000,1,58000,,
RENDANG OMURICE,food,48000,1,48000,,
#F11 CREAM HAMBURG 0,food,58000,1,58000,,
Sesame Toast,food,22500,1,22500,27500,
Seafood Tempura BBQ,food,40000,1,40000,11000,
Sweet Plum Potato*,food,29000,1,29000,11000,
Pillow Choco,food,18000,1,18000,,
Pillow Cheese,food,18000,1,18000,,
Pillow Kombi,food,19500,1,19500,,
YANG YUM GUI,food,97000,1,97000,0,
SOONDUBU CHIGE,food,75000,1,75000,0,
JAP CHAE,food,105000,1,105000,0,
MAKOLI,food,120000,1,120000,0,
GOCHUJANG,food,85000,1,85000,0,
CHOCO ALMOND,food,18182,1,18182,,
#PKTPOLSBTSPON2S,food,8000,1,8000,,
BENECOL LYCHEE 2S,food,14000,1,14000,,
REGAL MARIE 125 GR,food,12200,1,12200,,
7 UP CAN 330 ML,food,6000,1,6000,,
SAKATONIK LVR 10S,food,6400,1,6400,,
DUA BELIBIS SBL135,food,9300,1,9300,,
DAUN SEREH,food,5811,1,5811,,
KFC Winger HC,food,20000,1,20000,,
BBQ Chicken,food,41000,1,41000,,
BOLU KUKUS PX,food,39000,1,39000,22700,
S-Matcha Macchiato,food,50000,1,50000,6000,
S-Ovaltine Macchiat,food,44000,1,44000,6000,
KFC DAY,food,34545,1,34545,61000,
CHARGE TA,food,909,1,909,61000,
DEPT04,food,24000,1,24000,4000,
DEPT01,food,22000,1,22000,4000,
PAKET CHICKEN 4,food,29000,1,29000,6110,
KOREAN COLD TEA,food,9000,1,9000,6110,
PR ORIGINAL 150gr,food,75000,1,75000,,
ES TEH MANIS,food,10000,1,10000,,
THAI ICED TEA (L),food,16363,1,16363,,
TT,food,20000,1,20000,30000,
RISOL ROGUT,food,18000,1,18000,88100,
Choco Cheese,food,13636,1,13636,,
CARAMELALMOND,food,23000,1,23000,27000,
TRIPPLE CHEESE,food,17000,2,34000,16000,
Coffee Rocksalt [R],food,28000,1,28000,,
ICED NUTELLA LATTE [R],food,30000,1,30000,,
ICED MOCHA LATTE [R],food,30000,1,30000,,
XXL Crspy Chicken,food,40000,1,40000,10000,
MANUKA HONEY,food,385000,1,385000,,
HAZELNUT ALM,food,15000,1,15000,32000,
CAPPUCINO CI,food,14000,1,14000,32000,
TIRAMISU CIN,food,14000,1,14000,32000,
KUPAT TAHU,food,19000,2,38000,12500,
MIE KOCOK,food,29000,3,87000,12500,
109.NG NANAS,food,49800,1,49800,,
DE13.PSANG IJO MDM,food,29800,1,29800,,
CT12.BLK JELY KPI IC,food,29800,1,29800,,
CHOCO CHIP,food,26000,1,26000,,
CHOCO BANANA,food,42000,1,42000,,
CRISPY CHOCO,food,14000,1,14000,,
CRISPY CHOCO,food,14000,1,14000,,
CHOCBAN CUP,food,36000,1,36000,,
RED VELVET,food,32000,1,32000,,
SAUSAGE AND SALAMI,food,62000,1,62000,,
GREEN MONSIEUR,food,57000,1,57000,,
ROASTED MT ( R ),food,21000,1,21000,,
Peanut & Cheese,food,13636,1,13636,5000,
PAIN AU CHOCOLATE,food,11000,2,22000,58000,
APPLE PIE,food,11000,1,11000,58000,
REDBEAN BREAD,food,9000,1,9000,58000,
[RICHE] WHITE SKIMM,food,52727,1,52727,,
ALMOND CROSSIANT,food,13500,1,13500,0,
Double Choco Crispy,food,14091,1,14091,,
Smoke Beef + Aqua,food,21818,1,21818,1000,
PREMIUM TOAST PAN BREAD,food,24000,1,24000,26000,
SOONDUBU CHIGE,food,75000,1,75000,0,
JAP CHAE,food,105000,1,105000,0,
GOCHUJANG SAMGYEOPSAL,food,120000,1,120000,0,
PEDULI DISABILITAS,food,200,1,200,,
Kupon 7,food,42727,1,42727,,
MINERAL WATER,food,8182,1,8182,,
BAK MANDI (BAK MANDI TAIWAN BESAR),food,125000,1,125000,,
TATAKAN MANDI (JARING MANDI JALA) -,food,50000,1,50000,,
BAJU ATASAN(PETITE MIMI ROMPER 3D FOREST / RM0003),food,53000,1,53000,,
ACCESORIES(SUN BABES PENUTUP MATA),food,27500,1,27500,,
KAPAS (KAPAS MEDISOFT COTTON BALL 120),food,7000,3,21000,,
JOIE KUBBIE(BABY BOX),food,1100000,1,1100000,,
BUDS CALMING TUMMY RUB CREAM 30ML(TOILETRIES),food,200000,1,200000,,
BUDS PRECIOUS NEWBORN CREAM 75ML(TOILETRIES),food,235000,1,235000,,
BUDS PRECIOUS NEWBORN HEAD TO TOE CLEANSER 250ML(TOILETRIES),food,270000,1,270000,,
CRISPY APPLE RAISIN PASTR,food,11500,1,11500,20500,
PAIN AU CHOCOLATE,food,11000,1,11000,20500,
REDBEAN BREAD,food,9000,1,9000,20500,
PEPPERONI,food,23000,1,23000,0,
ALMOND CREAM CHEESE,food,28000,1,28000,0,
CK.MANTAP A,food,25455,1,25455,26000,
CHEESE B,food,20454.5,2,40909,26000,
TAKE AWAY,food,909,1,909,26000,
TARO,food,18182,1,18182,-30000,
BASO KUAH,food,43636,1,43636,0,
CARAMELALMOND,food,23000,1,23000,27000,
CHICKEN KATSU CURRY UDON,food,46364,1,46364,0,
AYAM,food,20000,1,20000,62003,
DONAT AYAM,food,20000,1,20000,62003,
ROTI SISIR,food,17727,1,17727,62003,
BANANA SPLIT,food,28635,1,28635,62003,
DONATCOKLAT,food,40000,1,40000,62003,
TIGER ROLL PTG,food,8636,1,8636,62003,
MARMER CAKE PTG,food,6818,1,6818,62003,
BOLU HAWAI PTNG,food,5909,1,5909,62003,
BANANA CAKE PTG,food,6818,1,6818,62003,
MANDARIN CAKE PTG,food,16364,1,16364,62003,
LAPIS SURABAYA PTG,food,33636,1,33636,62003,
CAKE PITA,food,11818,1,11818,62003,
CINNAMON SUGAR,food,17000,1,17000,0,
BASO KUAH,food,43636,1,43636,,
A.MINERAL BOTOL,food,8000,1,8000,,
Kupon 9,food,8182,1,8182,,
Kupon 1,food,20000,1,20000,,
LARGE ICED LEMON TEA,food,12273,1,12273,,
TROPICAL PUNCH,food,30000,1,30000,,
SOUP 50%,food,7273,1,7273,,
SALAD BAR 50%,food,17273,1,17273,,
TWIST ORANGE CHOCO DONUT,food,10000,2,20000,4000,
CHOCOLATE TWIST,food,16000,2,32000,4000,
REAL CHOCOLATE ROLL,food,16000,1,16000,4000,
CHOCOLATE SOBORO,food,14000,2,28000,4000,
RAMES AYAM,food,26000,1,26000,42000,
Dendeng PDS,food,27000,1,27000,42000,
CK.MANTAP A,food,25455,1,25455,26000,
CHEESE B,food,20454.5,2,40909,26000,
TAKE AWAY,food,909,1,909,26000,
CAPPUCINO CARAMEL,food,20909,1,20909,,
Grilled Dorry Fish,food,42000,1,42000,,
Set Menu Family,food,318000,1,318000,,
Teppan Seafood Udon,food,38000,1,38000,,
EDAMAME,food,11520,1,11520,,
df shllt by not250,food,15900,1,15900,,
CF BUNCIS ORG,food,20600,1,20600,,
CABE KERITING CURA,food,3323,1,3323,,
TOMAT CURAH,food,3267,1,3267,,
JERUK NIPIS,food,5841,1,5841,,
CUMI BANGKA,food,28736,1,28736,,
KING DEAL CHEESE BURGER R,food,25000,1,25000,,
1 PC BIC,food,15909,1,15909,,
POTATO SAUSAGE BREAD,food,19000,1,19000,,
OREO GREEN TEA SPREAD,food,52000,1,52000,,
WHITE CHOCO BANANA SPREAD,food,52000,1,52000,,
APUCINO MEDIUM,food,18182,1,18182,,
CIRENG PANDAWA,food,26818,1,26818,,
BASO TAHU KWETIAU,food,43181,1,43181,501,
TRIPPLE CHEESE,food,17000,1,17000,0,
PKT TELOR/PERKEDEL,food,26000,1,26000,9800,
DENDENG,food,23000,1,23000,9800,
SBL GR TERI,food,17000,1,17000,9800,
NESTLE 330 ML,food,16000,1,16000,9800,
TRIPPLE CHEESE,food,17000,1,17000,83000,
SBL GR UDANG SPC,food,30000,1,30000,,
SAMGYOPSAL,food,97000,1,97000,,
OGYOPSAL,food,97000,1,97000,,
YUKHWE,food,150000,1,150000,,
RICE,food,15000,1,15000,,
JABCHAE BEEF,food,95000,1,95000,,
OCHA DINGIN,food,15000,1,15000,,
NASI KUNING,food,73000,1,73000,44500,
CENTIKPLANCI,food,19500,1,19500,44500,
HOT OCHA,food,10000,1,10000,,
OCHA,food,10000,3,30000,,
JYO HARAMI 30%,food,99000,1,99000,,
WAKI SALAD,food,45000,1,45000,,
MARBLED SIRLOIN STEAK 200gr,food,189000,2,378000,,
REDBEAN BREAD,food,9000,1,9000,29000,
FRANKFRUT SAUSAGE ROLL,food,12000,1,12000,29000,
NS MINI STICK,food,2400,1,2400,,
GERRY SM CHEESE110,food,8000,1,8000,,
DECOLGEN TABLET 4S,food,6300,1,6300,,
FIXALL HK 26521,food,39800,1,39800,,
YELLOW,food,10000,2,20000,80000,
VANBALL,food,9000,1,9000,1000,
TWIST DONUT,food,9000,1,9000,22500,
BANANA DONUT,food,11000,1,11000,22500,
DARK CHOCOLATE MUFFIN,food,23000,2,46000,22500,
[MD] MINI CASTELLA CHOCOL,food,11000,1,11000,22500,
PREMIUM MILK PAN BREAD,food,17500,1,17500,22500,
APPLE PIE,food,11000,1,11000,22500,
PAIN AU CHOCOLATE,food,11000,2,22000,22500,
KAYA BUN,food,9500,2,19000,22500,
SAUSAGE BREAD,food,15000,1,15000,22500,
TLJ HOTDOG,food,16000,1,16000,22500,
"RB, Abon Sam",food,9000,1,9000,,
Salad Deluxe,food,8636,2,17272,500,
Perkedel,food,5909,2,11818,500,
"Chicken HCC, 1PCS",food,15000,1,15000,500,
CHARGE TA,food,909,1,909,500,
STIX CINNAMON,food,19000,1,19000,31000,
BULGOGI JEONGSIK,food,150000,1,150000,0,
EL KEUN HWANGTAE,food,130000,1,130000,0,
SUNDUBU(TUKBEGI) GYERAN CIM,food,45000,1,45000,0,
BLACK PRAWN PASTA,food,80500,1,80500,,
CARBONARA,food,70500,1,70500,,
EARL GREY MILK TEA,food,57000,1,57000,,
CARAMEL PASTRY,food,12000,1,12000,7000,
CHOCOLATE TWIST,food,16000,1,16000,7000,
SAUSAGE BREAD,food,15000,1,15000,7000,
PKT AYAM,food,33000,1,33000,700,
RTD Madu Aloevera,food,15000,1,15000,0,
SpcPrice Caudburry,food,17727,1,17727,80500,
FL-Xmas 30 Off,food,68180,1,68180,25000,
Ayam goreng+Sayur asem,food,51500,1,51500,,
Sayur Asem,food,19,1,19,,
NEW BEEF SPAGHETTI,food,38182,1,38182,,
P/P AMERICAN FAV,food,29091,1,29091,,
PAKET HAPPY HOUR,food,27273,1,27273,,
RTD Jahe,food,15000,1,15000,0,
BITTERBALLEN,food,33000,1,33000,,
MOZZARELA STICK,food,55000,1,55000,,
NOUGAT ICE CREAM,food,20000,1,20000,,
SAUCYS BROOD,food,19000,1,19000,,
AMANDEL BROOD,food,18000,1,18000,,
BOKKEPOOTJES,food,90000,1,90000,,
TWIST DONUT,food,9000,1,9000,0,
PEACH PASTRY,food,17000,1,17000,0,
CHOCO CUSTARD PASTRY,food,12000,1,12000,0,
EGG TART,food,13000,1,13000,0,
ROYAL CHEESE TART,food,16000,1,16000,0,
Nutella Cheese,food,27272,1,27272,,
Toblerone BanCheese,food,28182,1,28182,,
JASMINE,food,39000,1,39000,,
P. RIBS SP (R),food,73000,1,73000,,
PORK TENDER (L),food,72000,1,72000,,
TAIL STOMACH (S),food,64000,1,64000,,
P. INTESTINE (R),food,32000,1,32000,,
CAKWE (L),food,20000,1,20000,,
WHITE RICE,food,10000,2,20000,,
PLAIN CONGEE,food,12000,1,12000,,
UDANG REBUS (M),food,162000,1,162000,,
ANGSIO TH PC JMR,food,147000,1,147000,,
AYAM GR KERING,food,108000,1,108000,,
BIHUN GORENG JJ,food,87000,1,87000,,
NASI GORENG NJUN,food,87000,1,87000,,
HOT TEA,food,12000,5,60000,,
IKAN GURAME MED SOP IKAN,food,158000,1,158000,,
CUMI GR JUNJAN,food,172000,1,172000,,
SUP BURUNG DARA,food,38000,1,38000,,
ICED TEA,food,12000,1,12000,,
CHINESE TEA KWAN'IM,food,14000,1,14000,,
NASI PUTIH,food,10000,2,20000,,
BBQ Chicken,food,41000,1,41000,9000,
CINNAMON SUGAR,food,17000,1,17000,33000,
TUNA & CHEDDAR,food,55000,1,55000,18600,
ONION RINGS,food,19800,1,19800,18600,
AQUA BTL,food,6600,1,6600,18600,
DEPT01,food,22000,1,22000,78000,
Astor Stick Cokelat 40gr,food,8000,1,8000,33500,
green tea,food,8500,1,8500,33500,
BBQ Chicken,food,41000,1,41000,10000,
NASI UDUK SATE BUNTEL,food,55000,1,55000,,
NASI BALI (EMPAL),food,62000,1,62000,,
Benedict Burrito,food,85000,1,85000,,
Lychee Ice Tea,food,40000,1,40000,,
Soup Of The Day,food,45000,1,45000,,
Strawberry jc,food,45000,1,45000,,
SOGOGI JAPCHAE,food,160000,2,320000,0,
GONG GIBAB,food,20000,6,120000,0,
JEK SEOK TEOK POKI (S),food,115000,1,115000,0,
* MINERAL WATER,food,13000,1,13000,0,
EL KEUN HWANGTAE SUNDUBU (TUKBEGI),food,130000,2,260000,0,
DAK GANG JEONG,food,190000,2,380000,0,
YANG NYEOM SAM GYEOP SAL,food,120000,1,120000,0,
PREMIUM YANGNYEOM GALBISAL,food,250000,1,250000,0,
JEKSEOK YANG NYEOM GUI,food,300000,1,300000,0,
HAEMUL DENJANG JJIGAE,food,85000,1,85000,0,
S-Fresh Lemon Lime,food,14000,1,14000,0,
S-Fresh Lemon Lime,food,14000,1,14000,0,
S-Fresh Lemon Lime,food,17000,1,17000,0,
SOP AYM BNG,food,7000,1,7000,40000,
TEH TARIK P,food,15000,1,15000,40000,
RB. COKLAT BAR,food,8000,1,8000,25000,
RB. COKLAT BUN,food,8000,1,8000,25000,
RB. CREPES CHICKEN,food,9000,1,9000,25000,
NESTLE 600 M1,food,9500,1,9500,,
SINGLE Cone,food,38182,2,76364,,
ELEPHANT READ BEAN,food,12000,1,12000,0,
chapsal twister donnut,food,10000,1,10000,0,
DOUBLE CHICK BREAST,food,89000,1,89000,,
IPED MANDARIN,food,38000,1,38000,,
Mineral Water (S),food,10000,1,10000,25000,
Hokkaido,food,14000,1,14000,,
TOAST BREAD,food,28000,1,28000,0,
#NAME?,food,72727,1,72727,,
CORDON BLEU,food,49090,2,98180,,
TRIPPLE CHEESF,food,17000,1,17000,3000,
CHOCOLATE SUNDAE,food,8636,1,8636,,
REGULAR FRIES,food,8636,1,8636,,
TakeAway Charge,food,909,1,909,,
ALMOND CREAM CHEESE,food,28000,2,56000,0,
KUE CUBIT OVO/ SKIPPY,food,39000,1,39000,,
ES BUAH,food,18000,2,36000,,
DODOT KAKEK,food,28000,1,28000,,
DODOT CUCU COKLAT,food,28000,1,28000,,
CHOCOLATE MILK SHAKE,food,22000,1,22000,,
T. TARIK GREENTEA DINGIN,food,20000,2,40000,,
CHOCOLATE MILK SHAKE,food,22000,1,22000,,
ICED CAPPUCINO JELLY,food,24000,1,24000,,
T. TARIK GREENTEA DINGIN,food,20000,1,20000,,
TEH PAHIT PANAS,food,6000,1,6000,,
MINERAL WATER,food,8000,1,8000,,
[RICHE] BLACK SAKURA,food,57273,1,57273,,
AQUA 600ML,food,7000,5,35000,,
BIHUN GORENG SPECIAL,food,41000,1,41000,,
BIHUN MASAK KUAH,food,38000,1,38000,,
ES ALPUKAT,food,18000,1,18000,,
ES TEH MANIS,food,6000,5,30000,,
ES THE TAWAR,food,4000,1,4000,,
IFUMIE,food,43000,1,43000,,
JUICE ALPUKAT,food,20000,1,20000,,
JUICE STRAWBERRY,food,21000,1,21000,,
KWETIAW SIRAM SAPI,food,43000,1,43000,,
KWETIAW SIRAM SEA,food,45000,1,45000,,
KWETIAW GORENG SAPI,food,45000,1,45000,,
KWETIAW GORENG SEA,food,45000,2,90000,,
MIE GORENG SPECIAL,food,41000,2,82000,,
MPEKMPEK K SELAM,food,20000,1,20000,,
MPEKMPEK LENJER,food,20000,1,20000,,
NASI GORENG SPECIAL,food,41000,2,82000,,
TEH MANIS PANAS,food,6000,3,18000,,
TEH TAWAR,food,2000,2,4000,,
YAMIN BASO SAPI,food,30000,1,30000,,
YAMIN PANGSIT REBUS,food,31000,1,31000,,
SPECIALTY COMBO,food,25000,1,25000,15000,
CARAMELALMOND,food,23000,1,23000,58000,
STIX ECLAIRS,food,19000,1,19000,58000,
PAKET DOSIRAK 1,food,25975,1,25975,,
Choco Peanut,food,10455,1,10455,38500,
MANUKA HONEY,food,770000,1,770000,,
Banana Cho + NuTea,food,20000,1,20000,,
TWIST ORANGE CHOCO DONUT,food,10000,1,10000,0,
Nutella Cheese,food,27272,2,54544,,
CUSTARD SOBORO,food,12000,1,12000,0,
Peach Tea,food,14800,3,44400,,
Lemon Tea,food,14800,4,59200,,
Chicken Kazan Curry,food,69800,1,69800,,
Chicken Karamiso Special,food,54800,1,54800,,
Chicken Shio Special,food,54800,2,109600,,
Beef Set A,food,99800,1,99800,,
CINNAMON SUGAR,food,17000,2,34000,6000,
CHOCO TIME,food,50000,1,50000,,
LONTONG CAP GO MEH,food,57000,1,57000,,
NASI LIWET (SATE BUNTEL AYAM),food,45000,1,45000,,
TEH JAWA,food,13000,2,26000,,
BAGUETTE,food,18500,1,18500,31500,
Angus Striploin,food,295000,1,295000,,
Chicken Steak,food,140000,1,140000,,
CK Redvelvet,food,65000,1,65000,,
Creamed Spinach,food,40000,1,40000,,
F Squeeze Orange,food,60000,1,60000,,
House Blend,food,40000,1,40000,,
Ice Tea Peach,food,45000,1,45000,,
Ice Tea Rasp,food,45000,2,90000,,
Jasmine Tea,food,40000,1,40000,,
Roasted Chicken,food,150000,2,300000,,
Salmon,food,170000,1,170000,,
Salmon Seaweed Bowl,food,150000,1,150000,,
Sorbet,food,55000,1,55000,,
CHEESE TIME,food,43000,1,43000,7000,
AOP Seafood,food,85000,1,85000,,
Omurice Katsu Curry,food,95000,1,95000,,
Earl Gray Tea,food,35000,1,35000,,
Hot Tea,food,25000,1,25000,,
SPICY WOSAM R,food,33636,1,33636,,
1 MIE UP BSR C,food,36000,1,36000,,
Mineral Water (S).,food,10000,1,10000,20000,
Popcorn Salt (S).,food,20000,1,20000,20000,
ORIGINAL 6 PCS,food,45000,1,45000,,
KWT GR MGMSP,food,43182,1,43182,,
TEH HANGAT,food,5909,1,5909,,
CF NASI PUTIH,food,5000,1,5000,,
CF NASI PUTIH,food,5000,1,5000,,
CF BBQ CHKN WING,food,15000,1,15000,,
FILLET DORI,food,26019,1,26019,,
KERUPUK KERING,food,11900,1,11900,,
TWIST DONUT,food,9000,3,27000,,
CRANBERRY WALNUT (S),food,8500,2,17000,,
POTATO SAUSAGE BREAD,food,19000,1,19000,,
BLACK CHEESE HOTDOG,food,20000,1,20000,,
THAI TEA,food,22000,1,22000,,
STIX ECLAIRS,food,19000,2,38000,12000,
PKT LELEH AYM GEPRK,food,24999,1,24999,52500,
PKT MIE LELEH,food,27273,1,27273,52500,
ES TEH TAWAR,food,5455,2,10910,,
Lychee Tea,food,9091,1,9091,,
FROZEN CAPUCINO,food,15455,1,15455,,
NS BISTIK AYM TP,food,35455,1,35455,,
NS+AYAM GR RICA,food,35455,1,35455,,
KWETIAUW AYM SRM,food,31819,1,31819,,
BANANA RHUM RAISIN,food,46500,1,46500,,
PRAWN & SPINACH PASTA,food,80500,1,80500,,
ORIGINAL BREWED TEA,food,23000,1,23000,,
<AYA BUN,food,9500,3,28500,5000,
CRISPY REAL CHEESE,food,16500,1,16500,5000,
Lumpia Klt Tahu (3),food,43000,1,43000,,
SM Udang & Aym (4),food,50000,1,50000,,
XLB Kptg&Aym(4),food,56000,1,56000,,
Brokoli Bwg Putih,food,60000,1,60000,,
Mie Sup WT (U & A),food,53000,1,53000,,
The Roselle,food,32000,1,32000,,
ORIGINAL 6 PCS,food,45000,1,45000,,
GONG GIBAB,food,20000,1,20000,,
BO SSAM,food,320000,1,320000,,
HAEMUL DENJANG JJIGAE,food,85000,1,85000,,
MULNAENGMYO N,food,85000,1,85000,,
VALUE MEAL 1,food,29090,1,29090,,
Yakiniku Rice Organic,food,22727,1,22727,,
Mocca Float,food,8636,1,8636,,
Soft Ori 3 Top,food,17272,1,17272,,
Avocado with Rock Salt and Cocoa Cream [R],food,28000,1,28000,,
Avocado with Rock Salt and Cocoa Cream [R],food,28000,1,28000,,
Rock salt and Cheese [R] Coffee,food,28000,1,28000,,
VALUE MEAL 2,food,33636,1,33636,,
GJ ROASTED MT ( R ),food,25000,1,25000,25000,
YANG YUM GUI,food,97000,1,97000,0,
GALBI TANG,food,92000,1,92000,0,
NASI(GONGGI BAB),food,15000,1,15000,0,
TWIST ORANGE CHOCO DONUT,food,10000,2,20000,4000,
CHOCOLATE TWIST,food,16000,2,32000,4000,
REAL CHOCOLATE ROLL,food,16000,1,16000,4000,
CHOCOLATE SOBORO,food,14000,2,28000,4000,
GONG GIBAB,food,20000,1,20000,0,
BO SSAM,food,320000,1,320000,0,
HAEMUL DENJANG JJIGAE,food,85000,1,85000,0,
MULNAENGMYON,food,85000,1,85000,0,
BEEF CURRY UDON,food,52727,1,52727,42000,
[RICHE] BLACK SAKURA,food,57273,1,57273,,
[RICHE] BLACK SAKURA,food,57273,1,57273,,
LM Dmplg Chli Sc,food,68000,1,68000,,
LM Poach Marble Beef,food,88000,2,176000,,
DIMSUM,food,23800,2,47600,,
XLB Org Pork 6x,food,52000,1,52000,,
Oolong Jasmine Cup,food,10000,1,10000,,
Tea,food,10000,2,20000,,
CHICKEN KATSU CURRY UDON,food,46364,1,46364,0,
KAKIAGE TEMPURA,food,10000,1,10000,0,
COLD OCHA,food,10909,1,10909,0,
TWIST DONUT,food,9000,2,18000,,
BROWNIE,food,21000,1,21000,,
REAL GANACHE,food,16500,1,16500,,
REAL CHOCOLATE ROLL,food,16000,1,16000,,
REDBEAN BREAD,food,9000,1,9000,,
Honey Mandarin,food,13000,1,13000,87000,
HZ CHOCO MT (L) TOPPING,food,27000,1,27000,40000,
MANGO GT (L),food,25000,1,25000,40000,
CKM 1 OR,food,29545,1,29545,10000,
Sundae,food,8182,1,8182,10000,
S-Ovaltine Macchiat,food,22000,1,22000,8000,
S-Hazelnut Milk Tea,food,20000,1,20000,8000,
Croisant Mini (NAM),food,18000,1,18000,82000,
Bento Barbeque,food,13636,1,13636,7000,
Lychee Float,food,5909,1,5909,7000,
KFC Winger HC,food,20000,1,20000,7000,
SWEEAT ICE TEA,food,16800,1,16800,,
OREO MILK BLEND,food,28800,1,28800,,
FRIED RC SFOOD,food,39800,1,39800,,
SHISHA,food,47000,1,47000,,
MASHED POTATO,food,23800,1,23800,,
XXL Crispy Chicken,food,40000,1,40000,0,
Original Hugarian Ku,food,20000,1,20000,,
Original Hugarian Ku,food,20000,1,20000,,
Original Hugarian Ku,food,20000,1,20000,,
Original Hugarian Ku,food,20000,1,20000,,
RB. AI-AI CHOCO,food,8000,1,8000,,
RB. COKLAT COFFEE,food,8000,1,8000,,
Viet Milk Coffee,food,18000,1,18000,,
LEMONADE22OZ,food,26000,1,26000,24000,
CHOCO CHIP,food,27500,1,27500,,
NOUGAT ICE CREAM,food,48000,1,48000,,
AMANDEL BROOD,food,20000,1,20000,,
BOKKEPOOTJES,food,104000,1,104000,,
CHOCOLATE ICE CREAM,food,30000,1,30000,,
MOCCA ICE CREAM,food,15000,1,15000,,
HOT OCHA,food,10000,1,10000,,
OCHA,food,10000,3,30000,,
WAKI PLATTER FOR 4-5,food,389000,1,389000,,
CHAPJEA,food,95000,1,95000,,
KALBI PLATTER 2-3,food,315000,1,315000,,
MARBLED SIRLOIN STEAK 200gr,food,189000,1,189000,,
ALMOND CREAM CHEESE,food,28000,1,28000,22000,
Pillow Kombi,food,19500,1,19500,500,
Seaweed Chicken,food,42000,1,42000,8000,
CINNAMON SUGAR,food,17000,1,17000,0,
PILLOW COKLAT,food,36364,1,36364,,
PILLOW DURIAN,food,36364,1,36364,,
AYAM,food,20000,1,20000,,
BANANA SPLIT,food,28635,1,28635,,
DONATCOKLAT,food,40000,1,40000,,
AYAM,food,10000,1,10000,,
KCS 1,food,25000,1,25000,,
WHOP JR 15K,food,15000,1,15000,,
CHANGE TO CHICKEN BOX,food,909,1,909,,
BULGOGI SET,food,45000,1,45000,,
(TW) MIE GORENG AYAM,food,31819,1,31819,,
(TW)NASI GORENG,food,27273,1,27273,,
NASI GORENG,food,27273,1,27273,,
ES TEH TAWAR,food,6819,2,13638,,
1.5 JAM,food,225000,1,225000,,
CHOCO CORONET,food,15500,1,15500,34500,
ORIGINAL COMBO,food,20000,1,20000,,
ORIGINAL COMBO,food,20000,1,20000,,
LAPIS SINGAPUR,food,30000,1,30000,60800,
LEMPER,food,18000,1,18000,60800,
AREM AREM,food,8000,1,8000,60800,
BBQ Chicken,food,41000,1,41000,9000,
B16COKSER,food,125000,1,125000,,
DP. ORDER,food,25000,1,25000,25000,
CHOCO CROSSIANT,food,13000,1,13000,37000,
CHIKATSU BEN,food,200000,1,200000,25000,
BOX T. O,food,10000,1,10000,25000,
OCHA,food,40000,1,40000,25000,
bluberry pastry,food,12000,1,12000,0,
ALMOND CHOCO CREAM CHEESE,food,28000,1,28000,0,
NIKU UDON,food,49091,1,49091,0,
ABURA UDON (SPICY),food,40909,1,40909,0,
INARI,food,10000,1,10000,0,
KAKIAGE TEMPURA,food,10000,1,10000,0,
COLD OCHA,food,10909,1,10909,0,
SAUSAGE DONUT,food,13000,1,13000,90000,
TLJ CROQUETTE,food,17000,1,17000,90000,
CORONET,food,13500,2,27000,90000,
SPOOKY SOBORO,food,12000,2,24000,90000,
SCREAMING RED BEAN,food,13000,1,13000,90000,
PIZZA TOAST,food,16000,1,16000,90000,
Pork Belly Cheese Fries,food,65000,1,65000,,
Reflection Sparkling,food,20000,1,20000,,
Hot Black Cofee,food,30000,1,30000,,
Nasi Campur ala Bali,food,75000,2,150000,,
"Oriental ""Ketjap"" Pork Rice",food,55000,1,55000,,
OCHA COLD,food,7273,1,7273,,
ABURA SOBA CHK,food,40909,1,40909,,
[MD] SOFT STEAMED CHEESEC,food,10000,1,10000,78000,
CHOCO CUSTARD PASTRY,food,12000,1,12000,78000,
Handmade Oyster Mee..,food,35000,1,35000,15000,
ES TEH MANIS,food,7273,2,14546,,
NS FILET IKN ASM MNS,food,40910,1,40910,,
NS+AYAM GR TPG,food,37273,1,37273,,
NASI GORENG SPC,food,30001,1,30001,,
COLD OCHA,food,10909,1,10909,,
BCA PROMO,food,54455,1,54455,,
SKEWERED SHUMAI,food,12727,1,12727,,
SKEWERED TOFU ROLL,food,12727,1,12727,,
EBI TEMPURA,food,13636,1,13636,,
KITSUNE UDON (KIDS),food,28182,1,28182,,
Pangsit Delima,food,27000,1,27000,,
Lumpia Udg K Th,food,30000,1,30000,,
Ha Kaou Udng,food,28000,1,28000,,
Cheong Fen Udg,food,35000,1,35000,,
Hatosi Rambutan,food,30000,2,60000,,
Sio May Kpting,food,23500,1,23500,,
Kwo Tie Jala2,food,50000,1,50000,,
Pancake Durian,food,32000,1,32000,,
Mie Gr Udg Gala,food,65000,1,65000,,
Lamien Udang T,food,46000,1,46000,,
Lamien Aym Ktsu,food,46000,1,46000,,
Ns Pgng Kj Sp,food,55000,1,55000,,
Kwt Polos Mdn,food,23500,1,23500,,
N Aym Hainam Jl,food,39000,1,39000,,
Chinese Tea,food,35000,1,35000,,
Ice Lemon Tea,food,16000,1,16000,,
Mineral Water,food,9000,2,18000,,
Combo 1,food,30000,1,30000,,
BLACKCURRANT,food,32000,1,32000,,
FRIED CALAMARI,food,85000,1,85000,,
SALTED EGG FISH & CHIPS,food,99000,1,99000,,
SATE T1,food,40000,1,40000,6000,
TORI BAITAN UDON,food,43636,1,43636,5000,
BEEF CURRY RICE,food,49091,1,49091,5000,
INARI,food,10000,1,10000,5000,
COLD OCHA,food,10909,1,10909,5000,
PREMIUM MILK PAN BREAD,food,18000,1,18000,23000,
CREAMCHEESE WALNUT BREAD,food,34000,1,34000,23000,
ROLL-IT PIZZA BREAD,food,25000,1,25000,23000,
JAPANEESE GR TEA HOT,food,12727,1,12727,,
CHICKEN SKIN,food,10909,1,10909,,
GYU MOZZA DON,food,53636,1,53636,,
C.KATSU NOODLE HP,food,45454,1,45454,,
TALKING ACTIVITY BK,food,254500,1,254500,0,
KERTAS KADO 1500,food,1500,1,1500,0,
H N Cheesy Chic,food,18636,1,18636,,
Rice Organik,food,6818,1,6818,,
K.Chees Chic RC,food,30455,1,30455,,
MOCA FLT OVLTIN,food,8636,1,8636,,
Perkedel,food,5909,1,5909,,
FFries Large,food,18182,1,18182,,
PaulanerP1,food,385000,1,385000,,
DarkBeer0.5L,food,94000,1,94000,,
Weiss 0.3 L,food,84000,1,84000,,
Grill Sea Bass,food,130000,2,260000,,
LgrBeer0.3L,food,79000,1,79000,,
FlyDark 0.3,food,79000,1,79000,,
DarkBeer0.3L,food,79000,1,79000,,
DP. ORDER / 19cc0665,food,25000,1,25000,0,
SHISAMO MENTAIKO,food,33000,1,33000,,
SALMON BACON,food,49000,1,49000,,
DYNAMITE SCALLOP,food,55000,1,55000,,
TOBIKO TOFU,food,29000,1,29000,,
Salted Egg Yalk Chicken,food,45000,1,45000,5000,
ALMOND SUGAR MILK BREAD,food,22500,1,22500,57500,
POTATO SAUSAGE BREAD,food,20000,1,20000,57500,
PREMIUM MILK PAN BREAD,food,17500,1,17500,0,
KING DEAL CHEESE BURGER R,food,25000,1,25000,,
MED ICED LEMON TEA,food,10000,1,10000,,
CUSTARD BRIOCHE,food,9000,1,9000,0,
CUSTARD SOBORO,food,12000,1,12000,0,
Classic Milktea,food,22000,1,22000,28000,
Kupon 13,food,49091,1,49091,46000,
MILK CREAM BREAD,food,12500,1,12500,5000,
REAL MILK CHOCO BREAD,food,12500,1,12500,5000,
RED BEAN BRAIDED BREAD,food,20000,1,20000,5000,
NASI PUTIH,food,6000,1,6000,0,
TAHU SATUAN,food,14545,1,14545,0,
mush pasta,food,80000,1,80000,,
chic ques,food,55000,1,55000,,
ZUPPA SOUP,food,28600,1,28600,500,
CHILLY N'CHEESE,food,33000,1,33000,500,
BEEF CHEDDAR PO,food,36300,1,36300,500,
Masker Bengkuang,food,11000,1,11000,0,
KFC Winger HC,food,20000,2,40000,7000,
Soaghetti Deluxe,food,8182,1,8182,7000,
CHCKN CHEESE,food,26000,1,26000,24000,
TT,food,20000,1,20000,0,
NIKU UDON,food,49091,1,49091,46000,
NASI RAMES,food,15000,1,15000,,
AYAM PANGGANG,food,22000,1,22000,,
ES TEH/TAWAR,food,11000,1,11000,,
NEW BEEF SPAGHETTI,food,38182,1,38182,,
P/P AMERICAN FAV,food,29091,1,29091,,
PAKET HAPPY HOUR,food,27273,1,27273,,
Hero,food,11500,2,23000,7500,
Choco Bite,food,6500,3,19500,7500,
VANBALL,food,9000,1,9000,1000,
Avocado with Rock Salt and Cocoa,food,30000,1,30000,20000,
DORI SAMBAL MATAH 1+1,food,29000,1,29000,,
GANACHE MOUSSE PIECE,food,32500,1,32500,67500,
IKAN GURAME MED,food,158000,1,158000,,
CUMI GR JUNJAN,food,129000,1,129000,,
CUMI GR TEPUNG,food,129000,1,129000,,
AGSIO TH PC JMR,food,147000,1,147000,,
POCAI BWG PUTIH,food,90000,1,90000,,
LUMPIA UDG PREM,food,144000,1,144000,,
NASI PUTIH,food,10000,6,60000,,
HOT TEA,food,12000,3,36000,,
AQUA,food,11000,1,11000,,
ICED TEA,food,12000,2,24000,,
ICED TEA,food,12000,1,12000,,
CAPPUCCINO,food,28000,1,28000,24000,
ORANGE JUICE,food,48000,1,48000,24000,
THAI ICETEA,food,20000,1,20000,8000,
ICE GREENTEA,food,22000,1,22000,8000,
Aqua MinWtr 330ml,food,5909,2,11818,37000,
TRIPPLE CHEESE,food,17000,1,17000,0,
ALMOND CREAM CHEESE,food,28000,1,28000,2000,
R.PISANG COKLAT,food,11000,2,22000,4000,
D.RING COKLAT,food,9000,2,18000,4000,
R.BANA CHIP,food,9000,1,9000,4000,
R.TAWAR ISI 2,food,4500,1,4500,4000,
NU GREENTEA ORGE,food,4500,1,4500,4000,
YAKULT ISI 5 PCS,food,9000,2,18000,4000,
T. CREAM M 21,food,21000,3,63000,37000,
PAKET BER2,food,69091,1,69091,,
TWIST DONUT,food,9000,1,9000,0,
CUSTARD SOB RO,food,12000,1,12000,0,
NASI PUTIH,food,13000,1,13000,20200,
AYAM GR BUMBU,food,44000,1,44000,20200,
NESTLE 330 ML,food,16000,1,16000,20200,
AQUA BOTOL,food,5455,1,5455,,
BBQ Chicken,food,41000,1,41000,4000,
Mineral Water 600 ml,food,8000,1,8000,4000,
Teh Pucuk 350 ml,food,7000,1,7000,4000,
SOUR CREAM N ONION,food,17000,1,17000,35000,
MILK PASTRY ROLL,food,9000,1,9000,29000,
CARAMEL PASTRY,food,12000,1,12000,29000,
CHICKEN PICATTA,food,46363,1,46363,,
JAVA TEA,food,11363,1,11363,,
VANBOOLEN,food,9000,1,9000,150,
JONGKONG,food,15500,1,15500,150,
NESTLE 600 M1,food,9500,1,9500,,
LUMPIA,food,19000,1,19000,,
BANANA KISMIS,food,8000,1,8000,,
SOSIS SOLO,food,9000,1,9000,,
LUMPUR,food,8000,1,8000,,
DADAR PISANG,food,8500,1,8500,,
KLEPON,food,8000,1,8000,,
BUGIS,food,8000,1,8000,,
MACARONI,food,10000,1,10000,,
ICED TT,food,20000,1,20000,30000,
HAI CMP SPC,food,49090,1,49090,,
TWIST STRAWBERRY DONUT,food,10000,2,20000,,
TWIST ORANGE CHOCO DONUT,food,10000,1,10000,,
Gado Gado,food,36000,1,36000,,
Nasi Putih GG,food,7000,1,7000,,
WOOSAM RICE R,food,33636,1,33636,,
APPLE PIE,food,11000,2,22000,65000,
APPLE CREAMCHEESE PASTRY,food,13000,1,13000,65000,
ZUPPA SOUP,food,85800,1,85800,44400,
MINERAL WATER,food,19800,1,19800,44400,
ChicTeriyakiTeishoku,food,59000,1,59000,,
JapaneseBeef Hamburg,food,43000,1,43000,,
Ocha Cold,food,15000,1,15000,,
Ocha Hot,food,15000,1,15000,,
MILK PASTRY ROLL,food,9000,3,27000,,
REDBEAN BREAD,food,9000,4,36000,,
FRANKFRUT SAUSAGE ROLL,food,12000,2,24000,,
ORI SLMN,food,49000,1,49000,51000,
NEW BEEF SPAGHETTI,food,40000,1,40000,,
NEW BEEF LASAGNA,food,47273,1,47273,,
PAKET BER2,food,69091,1,69091,,
Kuey Teow Goreng Singapore,food,43000,1,43000,6500,
Tea (Ice),food,12000,1,12000,6500,
OPEN KITCHEN,food,102000,1,102000,,
TAHU LAMPION,food,165000,1,165000,,
SUP JGG KPT,food,132000,1,132000,,
AYAM PANGGANG,food,168000,1,168000,,
CHINESE TE,food,14000,2,28000,,
LUMPIA UDANG,food,71000,1,71000,,
OPEN KITCHEN,food,78000,1,78000,,
NASI PUTIH,food,10000,5,50000,,
CHOCOLATE ECLAIR,food,13000,1,13000,30000,
DOUBLE CHEESE PAN BREAD(L,food,37000,1,37000,30000,
WHOLE WHEAT PAN BREAD,food,20000,1,20000,30000,
DP. ORDER,food,80000,1,80000,0,
CHIC NAMBAN BENTO,food,58000,1,58000,,
TROPICAL PUNCH,food,30000,1,30000,,
SOUP 50%,food,7273,1,7273,,
SALAD BAR 50%,food,17273,1,17273,,
Milo,food,14000,1,14000,,
BBQ Chicken,food,41000,1,41000,,
KOPI CAM,food,20000,1,20000,,
SB 1 HC,food,27727,1,27727,18500,
CHARGE TA,food,909,1,909,18500,
Sabun Beras,food,30000,1,30000,0,
SI EKO,food,20000,3,60000,-4000,
HZ CHOCO M1 (L) TOPPING,food,27000,1,27000,20000,
M02.LMK BEEF RNDANG,food,55800,1,55800,,
I13.SIMANGOSONG,food,52800,1,52800,,
101.NS BEBEK KAMPUNG,food,52800,1,52800,,
A13.MIE ACP,food,40800,1,40800,,
CT06.TEA 0 HOT R.,food,13800,2,27600,,
CT06.TEA 0 ICE R.,food,14800,3,44400,,
NO1.MR.MI TLR ASIN,food,45800,1,45800,,
SAUSAGE DONUT,food,14000,1,14000,,
PREMIUM TOAST PAN BREAD,food,25000,1,25000,,
[MD] SOFT STEAMED CHOCOCA,food,10000,1,10000,51000,
[MD] SOFT STEAMED CHEESEC,food,10000,1,10000,51000,
[MD] MINI CASTELLA ORIGIN,food,11000,1,11000,51000,
REDBEAN BREAD,food,9000,2,18000,51000,
Six,food,125000,1,125000,,
GYOZA AYAM GORENG,food,32000,1,32000,,
OCHA DINGIN,food,12000,3,36000,,
RAMEN AYAM SPECIAL,food,62000,3,186000,,
Original Hugarian Ku,food,20000,1,20000,,
Original Hugarian Ku,food,20000,1,20000,,
Original Hugarian Ku,food,20000,1,20000,,
Original Hugarian Ku,food,20000,1,20000,,
Tepung Jagung,food,15000,1,15000,,
White Toast,food,20000,1,20000,30000,
KP BRANDING S,food,1,1,1,0,
HYDROCOCO 250ML,food,6900,2,13800,0,
STRAWBERRY FRESH CREAM CA,food,190000,1,190000,,
Salted Egg Chicken,food,22727,1,22727,,
Nasi,food,6000,1,6000,48000,
Soup Patin,food,20000,1,20000,48000,
Kerang/Kikil,food,10000,1,10000,48000,
Tahu Woku,food,4000,1,4000,48000,
Tahu Bakso,food,5000,1,5000,48000,
Teh Kotak,food,5000,1,5000,48000,
Mineral Cup,food,2000,1,2000,48000,
Combo 1.,food,30000,2,60000,0,
PKT AYAM,food,33000,1,33000,13700,
Mocha,food,47273,1,47273,,
Cappucino,food,36364,1,36364,,
Lemon Juice,food,36364,1,36364,,
Caesar Salad,food,72727,1,72727,,
Canele (Mini),food,31818,1,31818,,
JPR SUS U,food,12727,1,12727,14000,
L C MESES,food,20000,1,20000,14000,
CHOCO CUSTARD PASTRY,food,12000,1,12000,72000,
NOIR PIZZA BREAD,food,16000,1,16000,72000,
PILOW DUR PX,food,40000,1,40000,,
NASI BAKAR,food,31500,1,31500,,
SIOMAY,food,38000,1,38000,,
MACARONI GR,food,9000,1,9000,,
PASTELGORENG,food,9000,1,9000,,
SEMAR MENDEM,food,9000,1,9000,,
BAKWAN JAGUNG,food,6500,1,6500,,
REDBEAN BREAD,food,9000,1,9000,7000,
KAYA BUN,food,9500,1,9500,7000,
REAL MILK CHOCO BREAD,food,12500,2,25000,7000,
SMOKY PAN CLASSIC,food,59000,1,59000,,
Chicken Popcorn,food,29000,1,29000,,
RTD Lemongrass Aloe,food,15000,1,15000,0,
BASO KUAH,food,41363,1,41363,,
NASI PUTIH,food,6000,1,6000,2100,
A.MINERAL GELAS,food,3000,1,3000,2100,
MANGGO SMOOTHIE,food,20909,1,20909,,
S-Chocolate Milk,food,20000,1,20000,0,
SAM DA S00 MINERAL WATER,food,16000,1,16000,16000,
TWIST DONUT,food,9000,2,18000,16000,
Choco Lining Bread,food,21000,1,21000,15500,
Tuna N Chicken Floos Bread,food,13500,1,13500,15500,
TWIST DONUT,food,9000,6,54000,97000,
PIZZA TOAST,food,16000,2,32000,97000,
CROQUE MONSIEUR,food,17000,1,17000,97000,
CHICKEN KATSU CURRY RICE,food,46364,1,46364,0,
NIKU UDON,food,49091,1,49091,0,
HOT OCHA,food,10909,1,10909,0,
SAMGYOPSAL,food,97000,2,194000,,
SUL LUNG TANG,food,75000,1,75000,,
MAKOLI,food,100000,1,100000,,
BREAD BOX M,food,4000,1,4000,,
PEACH PASTRY,food,17000,3,51000,,
DEPT04,food,24000,1,24000,4000,
DEPT01,food,22000,1,22000,4000,
CHOCO CROSSIANT,food,13000,1,13000,37000,
CB PR SIRLOIN,food,162000,1,162000,8635,
ES TEH TAWAR,food,8000,1,8000,8635,
COCA COLA,food,13000,1,13000,8635,
Seaweed Chicken,food,42000,1,42000,60000,
WALL'S BABY SHARK 60,food,3000,1,3000,26600,
MAGNUM WHT ALMND 80,food,15000,1,15000,26600,
WALL'S FEAST VNILA65,food,5400,1,5400,26600,
Full Box,food,31818,1,31818,,
SB 1 HC,food,27727,1,27727,,
KOROKE ORI,food,12600,1,12600,90,
KOROKE CURRY,food,13500,1,13500,90,
EBI KTSU 1 PCS,food,29800,1,29800,90,
TSUKUNE,food,11700,3,35100,90,
MOMO,food,11700,1,11700,90,
ONIGIRI,food,13500,1,13500,90,
GRAINS PAN BREAD,food,20500,1,20500,29500,
TEH PANAS,food,5455,1,5455,,
ES TEH TAWAR,food,6364,1,6364,,
NASI CAH JAMUR,food,32728,1,32728,,
BIHUN GORENG AYAM,food,29091,1,29091,,
WARISAN 2 FREE DRINK,food,63000,1,63000,11400,
WARISAN 2 FREE DRINK,food,63000,1,63000,11400,
Pepper Steak,food,122727,1,122727,9001,
CINNAMON SUGAR,food,17000,1,17000,16000,
TRIPPLE CHEESE,food,17000,1,17000,16000,
REGULAR JASMINE TEA,food,7273,1,7273,,
Kupon 7,food,42727,1,42727,,
Kupon 4,food,22727,1,22727,,
BOGO CHEESY RASHER,food,13636,1,13636,,
MS SWISS ML MED,food,36818,1,36818,,
Mineral Water,food,6364,1,6364,13000,
Mocca Float,food,8636,1,8636,13000,
1 PC CHOCHICKS,food,18636,1,18636,13000,
Crispy Egg Corn,food,42000,1,42000,0,
Mun Tofu,food,62000,1,62000,0,
Go Hiong,food,65000,1,65000,0,
Steam Rice,food,12000,3,36000,0,
Ice Lemon Tea,food,18000,2,36000,0,
Nutella Cheese,food,27272,1,27272,20001,
A.MINERAL BOTOL,food,8000,1,8000,,
SUKIYAKI BEEF RICE DEALJAVA,food,41728,1,41728,0,
Nasi Goreng Ayam,food,23636,1,23636,,
TLJ SPANISH COFFEE,food,35000,2,70000,20000,
CLASSIC CREAMCEESE CINNAM,food,10000,1,10000,20000,
DN. LONG JOHN,food,8000,1,8000,4500,
RB. AI-AI CHOCO,food,8000,1,8000,4500,
RB. SAPSAY CHICKEN,food,9500,1,9500,4500,
IKAN GURAME REG,food,118000,1,118000,,
POCAI 3 TELUR,food,72000,1,72000,,
UDG GR MAYONAISE,food,147000,1,147000,,
TAHU JPG S TRM,food,78000,1,78000,,
NASI PUTIH,food,10000,2,20000,,
ES TEH TAW GUILINGGAO,food,12000,2,24000,,
OPEN DESSERT,food,26000,1,26000,,
Chicken Soy Sauce H,food,95000,1,95000,,
Butter Cheese Corn,food,45000,1,45000,,
Bintang L,food,59000,1,59000,,
Chum Churum,food,140000,1,140000,,
ALMOND CREAM CHEESE,food,28000,1,28000,2000,
Choco Cheese,food,13636,1,13636,,
CHEESE VOLCANO,food,23000,1,23000,0,
Happy Rice Box,food,41000,1,41000,59000,
Grilled Salmon Head,food,24500,1,24500,,
Set Menu Family,food,318000,1,318000,,
Tairyos Salmon Maki,food,46000,1,46000,,
Tepanyaki Cawanmushi,food,22000,2,44000,,
Teppan Seafood Fr Rc,food,36000,1,36000,,
Tobiko Gunkan,food,24000,1,24000,,
MACARON BLUE,food,11000,2,22000,30000,
Seaweed Chicken,food,42000,1,42000,,
ORIGINAL,food,12000,1,12000,,
TIRAMISU CIN,food,14000,1,14000,,
MUF CHOC CHP,food,12000,1,12000,,
CHO CAKE SMA,food,12000,1,12000,,
RED VELVET,food,20000,1,20000,,
HAZELNUT,food,15000,1,15000,,
TIRAMISU CIN,food,14000,1,14000,,
ORIGINAL,food,12000,1,12000,,
PKT AYAM,food,33000,1,33000,13700,
NS GR TELOR KEBULI,food,27272,1,27272,20000,
CRISPY APPLE RAISIN PASTR,food,11500,1,11500,20500,
PAIN AU CHOCOLATE,food,11000,1,11000,20500,
REDBEAN BREAD,food,9000,1,9000,20500,
S-Ovaltine Macchiat,food,44000,1,44000,31000,
S-KOI Cafe Macchiat,food,25000,1,25000,31000,
TWIST DONUT,food,9000,3,27000,,
CRANBERRY WALNUT (S),food,8500,2,17000,,
POTATO SAUSAGE BREAD,food,19000,1,19000,,
BLACK CHEESE HOTDOG,food,20000,1,20000,,
CARBONARA UDON,food,49091,1,49091,0,
EGG TEMPURA [P],food,8182,1,8182,0,
EBI TEMPURA,food,13636,1,13636,0,
COLD OCHA,food,10909,1,10909,0,
ORANGE JUICE,food,48000,1,48000,24000,
Elevenia Taro Smoothies,food,9090,1,9090,0,
WHDP JR 15K,food,15000,1,15000,2500,
TakeQuay Charge,food,909,1,909,2500,
Pandan Cream brulee,food,59000,1,59000,,
Tanqueray NO 10 gls,food,120000,2,240000,,
Lurisia Bolle 330ml,food,55000,1,55000,,
Lurisia stille 330ml,food,45000,1,45000,,
Tonic Water,food,36000,1,36000,,
ALMOND CREAM CHEESE,food,28000,2,56000,44000,
ORIGINAL NO SALT,food,12000,1,12000,54000,
SOUR CREAM N ONION,food,17000,2,34000,54000,
RAKUNI KM KEJU PCS/PCS,food,10000,1,10000,,
GYOZA AYAM GORENG,food,32000,1,32000,,
OCHA HANGAT,food,12000,2,24000,,
OCHA DINGIN,food,12000,1,12000,,
RAMEN AYAM SPECIAL,food,62000,3,186000,,
BL1 M LW,food,70000,1,70000,,
WH3 M LW,food,70000,1,70000,,
RE5 M LW,food,70000,1,70000,,
[REG] BLACK SAKURA,food,45455,1,45455,,
[REG] BLACK SAKURA,food,45455,1,45455,,
THAI ICED TEA (L),food,16363,1,16363,,
KEJU SUSU,food,11000,1,11000,2000,
PISANG KEJU,food,11500,1,11500,2000,
MANUKA HONEY,food,770000,1,770000,,
PHILLY CHEESESTEAK SL,food,35455,1,35455,,
SAUSAGE PASTRY ROLL,food,29091,1,29091,,
CREAMY BEEF CLS FTC,food,42727,1,42727,,
AQUA BOTTLE,food,10909,1,10909,,
LIPTON ICE TEA REGULA,food,16364,2,32728,,
PAKET HAPPY HOUR,food,27273,1,27273,,
KAKE UDON,food,30909,1,30909,0,
KITSUNE UDON (KIDS),food,28182,1,28182,0,
COLD OCHA,food,10909,1,10909,0,
SKEWERED TOFU ROLL,food,12727,1,12727,0,
EBI TEMPURA,food,13636,1,13636,0,
BEEF CURRYRICE,food,49091,1,49091,5001,
EBI TEMPURA,food,13636,1,13636,5001,
SKEWERED TOFU ROLL,food,12727,1,12727,5001,
HOT OCHA,food,10909,1,10909,5001,
Lychee Tea,food,20000,1,20000,,
UDANG REBUS (M),food,162000,1,162000,,
AGSIO TH PC JMR,food,147000,1,147000,,
AYAM GR KERING,food,108000,1,108000,,
BIHUN GORENG JJ,food,87000,1,87000,,
NASI GORENG NJUN,food,87000,1,87000,,
HOT TEA,food,12000,5,60000,,
IKAN GURAME MED SOP IKAN,food,158000,1,158000,,
CUMI GR JUNJAN,food,172000,1,172000,,
SUP BURUNG DARA,food,38000,1,38000,,
ICED TEA,food,12000,1,12000,,
CHINESE TEA KWAN'IM,food,14000,1,14000,,
NASI PUTIH,food,10000,2,20000,,
Salted Egg Yolk Chicken,food,45000,1,45000,5000,
CHOCO CUSTAF D PASTRY,food,12000,1,12000,29000,
CUSTARD BRIC CHE,food,9000,1,9000,29000,
RM0025 -RM. Tawar Polo,food,19000,1,19000,,
KING DEAL FISH,food,25000,1,25000,72500,
Udang Mentega Sdg (M,food,162000,1,162000,,
Chinese Tea-Jasmine,food,10000,2,20000,,
Buruno Gr IN,food,46000,5,230000,,
Nasi Putih,food,9000,5,45000,,
SALMON PESTO,food,85500,1,85500,,
GRILLED SALMON TERIYAK,food,177000,1,177000,,
MINERAL WATER,food,23000,1,23000,,
FRESH FRUIT COCKTAIL,food,65000,1,65000,,
NASI 2SAYUR TELR,food,15000,1,15000,,
Shampo Aloevera,food,46000,1,46000,0,
Sabun Propolis,food,31000,1,31000,0,
Sabun Transparant Madu,food,25000,1,25000,0,
CHOCOLATE SUNDAE,food,8636,1,8636,,
REGULAR FRIES,food,8636,1,8636,,
TakeAway Charge,food,909,1,909,,
SB 1 HC,food,27727,1,27727,,
Cream Soup,food,8182,1,8182,,
CHEESE KC BOKUMBAP,food,39000,1,39000,24105,
PAKET CHICKEN 3,food,35000,1,35000,24105,
JAJANGMYEON,food,35000,1,35000,24105,
BUBBLE GUM,food,18182,1,18182,,
STRAWBERRY,food,18182,1,18182,,
CHOCO ALMOND,food,18182,1,18182,,
ICED TT,food,20000,1,20000,,
CHEESE VOLCANO,food,23000,1,23000,0,
CHUM CHURUM,food,150000,1,150000,0,
CHAMISUL,food,150000,3,450000,0,
GONG GIBAB,food,20000,3,60000,0,
CHULPAN CHEESE DAK GALBI,food,250000,1,250000,0,
* MINERAL WATER,food,13000,1,13000,0,
CREAM TEOK PO KI,food,110000,1,110000,0,
CHUM CHURUM PEACH,food,150000,8,1200000,0,
PREMIUM YANGNYEOM GALBISAL,food,250000,1,250000,0,
CHAM KKOT SAL,food,330000,2,660000,0,
U SAM GYEOP,food,160000,1,160000,0,
CHEESE GAMJAJEON,food,100000,1,100000,0,
BIHUN CAMPUR,food,43181,1,43181,16201,
JERUK MURNI,food,20000,1,20000,16201,
ES NONA REGULAR,food,13000,1,13000,16201,
Combo 1,food,30000,2,60000,0,
H N Cheesy Chic,food,18636,1,18636,,
Rice Organik,food,6818,1,6818,,
K.Chees Chic RC,food,30455,1,30455,,
MOCA FLT OVLTIN,food,8636,1,8636,,
Perkedel,food,5909,1,5909,,
FFries Large,food,18182,1,18182,,
ORIGINAL SALT,food,12000,1,12000,0,
SIRSAK,food,10000,1,10000,,
SUNKIST,food,10000,1,10000,,
PAKET BER4 UP2,food,149091,1,149091,,
YANG YUM GUI,food,97000,2,194000,0,
MOKDENGSIM,food,97000,1,97000,0,
SAMGYOPSAL,food,97000,2,194000,0,
SOONDUBU CHIGE,food,75000,1,75000,0,
GALBI TANG,food,92000,1,92000,0,
JINSENG SAMGYETANG,food,135000,1,135000,0,
JAP CHAE,food,105000,2,210000,0,
PAJON,food,105000,1,105000,0,
BIR BINTANG BOTOL ( ),food,55000,2,110000,0,
AQUA,food,10000,2,20000,0,
BULGOGI BIBIMBAB,food,85000,1,85000,0,
NASI(GONGGI BAB),food,15000,2,30000,0,
STBERRY MT (L) TOPPING,food,27000,1,27000,4000,
UDG GR TLUR ASIN =*MEDIUM*=,food,165000,1,165000,,
SAPO TH SEAFOOD =*MEDIUM*=,food,129000,1,129000,,
CUMI GR JUNJAN =*MEDIUM*=,food,129000,1,129000,,
BIHUN GORENG JJ =*MEDIUM*=,food,87000,1,87000,,
OYONG 3 TELOR =*MEDIUM*=,food,84000,1,84000,,
GURAME FILLET M ASAM MANIS,food,163000,1,163000,,
CHINESE TE,food,14000,2,28000,,
NASI PUTIH,food,10000,8,80000,,
HOT TEA,food,12000,3,36000,,
ICED TEA,food,12000,3,36000,,
Luxury Jolie Mi,food,300000,1,300000,0,
Extra Jelly Lychee,food,5000,1,5000,0,
SHARKIE FREEZE,food,49000,1,49000,,
DINE FOR 2,food,129000,1,129000,,
DINE FOR 2,food,129000,1,129000,,
CARBONARA UDON,food,49091,1,49091,0,
ON TAMA UDON (HOT),food,37273,1,37273,0,
ABURA UDON (ORIGINAL),food,40909,1,40909,0,
GREEN BEAN KAKIAGE,food,10000,1,10000,0,
EGG TEMPURA,food,8182,1,8182,0,
HOT OCHA,food,10909,1,10909,0,
BEEF CURRY UDON,food,49091,1,49091,0,
BEEF CROQUETTE,food,12727,1,12727,0,
COLD OCHA,food,10909,2,21818,0,
TERITAMA 4 PCS,food,36000,1,36000,,
CRUNCHY CHOC,food,157000,1,157000,,
ALMOND CHOCO CREAM CHEESE,food,28000,1,28000,22000,
SmokeBeef + NuTea,food,21818,1,21818,,
CHOCO CUSTARD PASTRY,food,12000,2,24000,0,
APPLE CREAMCHEESE PASTRY,food,13000,1,13000,0,
REAL GANACHE,food,16500,1,16500,0,
POTATO SAUSAGE BREAD,food,19000,1,19000,0,
Ayam Goreng Crispy Spicy,food,48000,1,48000,,
Capcai Seafood,food,49000,1,49000,,
Chinese Tea,food,20000,1,20000,,
Nasi Putih,food,30000,1,30000,,
Soup Baso Ikan,food,35000,1,35000,,
Puppy Pao,food,12000,1,12000,0,
Mineral Water,food,6364,1,6364,,
TEH PUCUK,food,9091,1,9091,,
SPICY C CHEESE,food,40000,1,40000,,
WOOSAM RICE R,food,33636,1,33636,,
Goban Puas C,food,50000,1,50000,,
TEH TAWAR,food,5454,1,5454,-16503,
AIR MINERAL,food,7727,2,15454,-16503,
I TRIPL CHZ,food,18636,1,18636,-16503,
I SPECIAL SBL MATAH,food,18181,1,18181,-16503,
I ROA GORENG SPC,food,18181,1,18181,-16503,
MEDIUM FRIES,food,14545,1,14545,,
REGULAR COKE,food,7273,1,7273,,
K11 CHOCO 1217,food,5000,1,5000,,
Sprite (L).,food,25000,1,25000,40000,
Extra Jelly Lychee.,food,5000,2,10000,40000,
M-Ovaltine Macchiat,food,62000,1,62000,0,
M-Konjac Milk Tea,food,32000,1,32000,0,
KWE BUN SAPI,food,39090,1,39090,14002,
KWE GR CMP,food,39090,1,39090,14002,
Ayam Asam Manis M,food,94000,1,94000,,
Ikan Gurame Tahu M,food,108000,1,108000,,
Pocai 3 Telor M,food,112000,1,112000,,
Sapo Tohu Sea M,food,112000,1,112000,,
Udang Gandum L,food,212000,1,212000,,
FL Cake-French,food,30909,2,61818,2000,
Red Velvet S,food,36360,1,36360,2000,
GUARDIAN F/TISUE,food,3400,1,3400,600,
GIANT FCL TISSUE,food,9500,1,9500,,
MITU S/C BLUE,food,14200,1,14200,,
PPSODENT TP WHTNG,food,16600,1,16600,,
FORMULA S/P P,food,11400,1,11400,,
NICE TRAVEL PACK,food,2700,1,2700,,
RICHEESE WFR KJ P,food,7500,1,7500,,
RICHOCO WFR CH P1,food,8600,1,8600,,
JERUK LEMON IMP,food,44710,1,44710,,
GOLIA ACTIV PLS 4,food,6200,1,6200,,
S/QUEEN MONTES 50,food,13500,1,13500,,
S/QUEEN MONTES 50,food,13500,1,13500,,
DELFI C/CHA MINIS,food,6700,1,6700,,
WAXING UNDER ARM,food,100000,1,100000,,
Bakpao telur asin,food,22800,1,22800,,
Cai Mieo,food,15800,1,15800,,
caisim special,food,15800,1,15800,,
Carsiupau Ayam,food,22800,1,22800,,
Fish Glue,food,27800,1,27800,,
Jamur Isi Ayam,food,32800,1,32800,,
Jamur Kuping,food,21800,1,21800,,
Kailan hongkong,food,15800,1,15800,,
Kue Macok,food,22800,1,22800,,
Pangsit Special,food,27800,1,27800,,
Sirloin Roll Enoki,food,34800,1,34800,,
Sutake Kombinasi,food,31800,1,31800,,
Tahu Jepang,food,10800,1,10800,,
Tahu Sandwidh,food,26800,1,26800,,
Udon,food,19800,1,19800,,
Chines Tea Green Tea,food,10800,2,21600,,
Tahu Isi Ayam,food,27800,2,55600,,
Green tea Dingin,food,16800,5,84000,,
Nasi Putih,food,9800,7,68600,,
Bakso Ikan,food,25800,1,25800,,
MIE + AYAM KATSU TERI...,food,31819,1,31819,0,
MIE SIRAM AYAM,food,30910,1,30910,0,
NASI GORENG SPC,food,30001,1,30001,0,
ES JERUK,food,17273,2,34546,0,
FRENCH FRIES,food,18182,1,18182,0,
GANACHE MOUSSE PIECE,food,32500,1,32500,67500,
Crunchy Wings(5) Luisiana,food,38182,5,190910,0,
Steam Rice,food,7273,4,29092,0,
FF SoftDrink (M),food,15455,2,30910,0,
Mush Fritters,food,22727,1,22727,0,
Seaweed Chicken,food,42000,1,42000,8000,
B Pjg/Vr 3,food,92000,1,92000,8000,
HAZELNUT CHOCO III (R),food,24000,1,24000,,
TWIST DONUT,food,9000,1,9000,36000,
MILK PASTRY ROLL,food,9000,1,9000,36000,
[MD] SOFT STEAMED CHOCOCAKE,food,10000,1,10000,36000,
REDBEAN BREAD,food,9000,1,9000,36000,
KAYA BUN,food,9500,1,9500,36000,
PREMIUM MILK PAN BREAD,food,17500,1,17500,36000,
Pdg Madness,food,13000,1,13000,22000,
BCT,food,15000,1,15000,22000,
Spicy Tuna,food,16363,1,16363,32001,
CB PR SIRLOIN,food,162000,1,162000,8635,
ES TEH TAWAR,food,8000,1,8000,8635,
COCA COLA,food,13000,1,13000,8635,
[MD] SOFT MORNING ROLL,food,18000,1,18000,26000,
REAL HONEY PANCAKE BREAD,food,10000,2,20000,26000,
CUSTARD BRIOCHE,food,9000,4,36000,26000,
TWIST DONUT,food,9000,1,9000,10000,
PAIN AU CAFE MOCHA,food,11500,4,46000,10000,
POTATO SAUSAGE BREAD,food,19000,1,19000,10000,
ROYAL CHEESE TART,food,16000,1,16000,10000,
Avocado with Rock Salt and Cocoa Cream [L],food,27273,1,27273,20000,
Night cream Soybean,food,67000,1,67000,0,
CHOCO CUSTARD PASTRY,food,12000,1,12000,29000,
CUSTARD BRIOCHE,food,9000,1,9000,29000,
GREENTEA BLENDED CREAM,food,20909,1,20909,,
CHINESE TE,food,14000,3,42000,,
CHINESE TE,food,14000,3,42000,,
KRPU MCN TIM 700,food,364000,1,364000,,
AGSIO TH PC JMR,food,98000,1,98000,,
POCAI BWG PUTIH,food,84000,1,84000,,
NASI PUTIH,food,10000,5,50000,,
IKAN MALAS 650GR,food,364000,1,364000,,
Cheese Tart Original,food,16360,1,16360,1000,
FL Mille Crepes -,food,33181,1,33181,1000,
RISOL ROGUT,food,8182,1,8182,5001,
MINERALWATER,food,5454,1,5454,5001,
Es Teh,food,5454,1,5454,,
SALMON PESTO,food,85500,1,85500,,
SALMON PESTO,food,85500,1,85500,,
ROYAL CHEESE TART,food,16000,2,32000,3000,
LS TOILETBRUSH102,food,38900,1,38900,,
TAMMIA 259,food,25900,1,25900,,
WDH SUN GEL 40ML,food,33500,1,33500,,
TAM 424 BUFFER 219,food,21900,1,21900,,
SIKAT BOTOL/BSC,food,67600,1,67600,,
GOCUJANG H.200G,food,27400,1,27400,,
PM CABE HIJAU CURA,food,2400,1,2400,,
TIMUN JEPANG,food,14894,1,14894,,
KONGKEE TOFU JEPUN,food,7420,1,7420,,
+PALM SHW GEL 450,food,33500,1,33500,,
MIE CINCANG,food,19090,1,19090,82000,
SmokeBeef + NuTea,food,21818,1,21818,,
MANUKA HONEY,food,385000,1,385000,,
KOPI CAM,food,20000,1,20000,,
DIHUN CAMPUR,food,43636,1,43636,2000,
GRILLED BABY POTATO ( R,food,50500,1,50500,,
HOT TUNA,food,67000,1,67000,,
HOT TUNA,food,67000,1,67000,,
